"site","year","abu.sexs","abu.whit","aca.aura","aca.bloc","aca.duss","aca.gram","aca.line","aca.mata","aca.nans","aca.ncus","aca.nigr","aca.nuda","aca.oliv","aca.pyro","aca.thom","aca.trio","aca.xant","acn.poly","amb.aure","amb.cura","amb.leuc","amp.akin","amp.clar","amp.mela","amp.peri","ana.caer","ana.geog","ana.neog","bal.viri","blp.undu","bod.axil","bod.meso","cen.bico","cen.bisp","cen.vrol","cep.argu","cep.boen","cep.cyan","cep.micr","cep.urod","cet.bico","cha.afas","cha.auri","cha.baro","cha.citr","cha.ephi","cha.klei","cha.line","cha.lunu","cha.mela","cha.mert","cha.pelw","cha.pleb","cha.raff","cha.rain","cha.reti","cha.spec","cha.tlis","cha.ttus","cha.ulie","cha.unim","cha.vaga","che.chlo","che.fasc","che.tril","che.undu","chm.rost","cho.fasc","cho.grap","cho.mono","cho.scho","cho.vitt","chr.alis","chr.lepi","chr.marg","chr.tern","chr.viri","chr.webe","chr.xant","chs.blee","chs.micr","chs.sord","chy.cyan","chy.flav","chy.rex","chy.roll","chy.talb","cor.auyg","cor.batu","cor.chry","cor.gaim","crd.chry","cro.alti","cte.bino","cte.stri","das.arua","das.reti","das.trim","dia.pict","dip.bifa","dis.mela","dis.pers","dis.pros","dis.pseu","epb.insi","epi.cyan","epi.fasc","epi.fusc","epi.macr","epi.macu","epi.merr","epi.ongu","epi.poly","epi.quoy","gna.aure","gom.vari","gym.micr","hal.chlo","hal.hort","hal.marg","hal.mela","hal.nebu","hal.nigr","hal.pros","hal.trim","hem.fasc","hem.melt","hen.acum","hen.chry","hen.mono","hen.vari","hgy.plag","hip.long","hlg.doli","kyp.bigi","kyp.vaig","lab.bico","lab.dimi","lbr.xant","lby.unil","let.atki","let.hara","let.letj","let.nebu","let.obso","let.oliv","let.orna","let.rubr","lut.arge","lut.boha","lut.carp","lut.flma","lut.fulv","lut.gibb","lut.kasm","lut.mono","lut.quin","lut.russ","lut.semi","lut.vitt","mcr.macu","mcr.nigr","mon.gran","mon.hete","mph.choa","mph.negr","mul.flav","nas.annu","nas.brev","nas.hexa","nas.litu","nas.tong","nas.unic","nas.vlam","neg.mela","neg.nigr","neo.azys","neo.cyan","nov.taen","oxy.diag","oxy.orie","oxy.unif","par.barb","par.bifa","par.cili","par.cycl","par.indi","par.mult","par.pleu","pen.aure","pen.cani","pen.emer","pgy.dick","pgy.lacr","ple.albo","ple.chae","ple.chry","ple.flav","ple.line","plx.orbi","plx.pinn","plx.teir","pms.laev","pms.leop","pms.macu","poc.semi","poc.sexs","poc.xant","pom.adel","pom.ambo","pom.bank","pom.brac","pom.chry","pom.coel","pom.gram","pom.lepi","pom.molu","pom.naga","pom.pavo","pom.phil","pom.vaiu","pom.ward","pre.biac","psd.molu","pse.flav","pse.hexa","pyg.diac","sca.alti","sca.cham","sca.dimi","sca.flav","sca.fors","sca.fren","sca.ghob","sca.glob","sca.nigr","sca.ovic","sca.psit","sca.rivu","sca.rubr","sca.schl","sca.spin","sco.bili","sco.marg","sco.mono","sig.arge","sig.cana","sig.cora","sig.doli","sig.line","sig.pmus","sig.puel","sig.punc","sig.vulp","ste.apic","ste.fasc","ste.livi","ste.nigr","stj.band","stj.stri","suf.chry","sym.nema","tha.ambl","tha.hard","tha.jans","tha.luna","tha.lute","var.albi","var.lout","wet.albi","zan.corn","zeb.scop","zeb.veli"
"Blue.Lagoon2015",2015,0.144564192,0,0,6.834122474,1.494883979,0,0,0,0,0,0,0.126429555,0,0,0,0,0,0.437505974,0,3.293829781,0,0,0,0,0,0,0.023941579,0.009354427,1.696296255,0,0,0,0,0,0,0,0,0.638328819,0,0,0,0,0.09902128,0,0,0,0,0,0,0,0,0,0,0,0.032654067,0,0,0,0.25414079,0.032971775,0,0.023121393,0.222939314,0.36745919,0,0,0.114460573,0,0,0,0,0,0,0,0,0,0.165173428,0,0,0,6.454902274,0.249062276,0,0,0,0.024042429,0,0,0.095642242,0,0,0,0,0,0.56815369,0.059458812,0,0,26.9744464,0,0.717316554,0.044205253,0.154554522,0,0.077716204,0,0,0,0,0,0,0,0,0,0,0,0,0.013761592,0,0,0.048226085,0,0,0,0,0,0.260904617,0,0,0,0,1.723865373,0.376375098,0,0.689298973,3.260193608,0,0.054329294,0,0,0,0,3.108346288,0,0,0,0,0,0,1.539370459,0.401910333,5.231566522,0,0.953043476,0,0,0,0,0,0,0,0,0.446166552,0.177651938,0,0,0.668002382,0.189999491,0,0,0,0.707918513,0,0,0,0.427769768,0.871602984,0,0,0,0,0,0.917593321,0,0,0,0,0,0,0,0,0,0,0,0,0,23.95813405,0,0,0,0,0,0,6.429575348,0,0,0.087091596,0,0.402490229,0.786259463,0,0.578760458,0.022055808,0,0.648692321,0,9.129166835,0.010522918,0,0,0,0.010522918,0.054133673,0,0,0.003567275,0,8.591984112,0,0,0.109387895,0,0,0.132953587,0,1.823381464,0,0,0.655451518,0,0.115766511,0,0.074236294,0.742870652,0,0,0,0.285728947,0.518549571,2.43746373,0,0.276870192,0.318642805,0.222906322,0.281378866,0,0,0.496938235,0,0,0,0,0,0.049281287,0,0.113234295,0,0,0,0,0.042468495,0.032945128,0.139708617
"Granite2015",2015,0.016367313,0,0,0.686278566,0,0,0,0,0,0.625891444,0,0.918985247,1.837239745,0,0,0,1.746923278,0.161722365,0,0,0,0,0.010035037,0,0,0,0,0,0.137343179,0.125709102,0,0,0.269259514,0,0.066871603,0,0,0.341567151,0,0,0,0,0.228828023,0,0.032115408,0.38287876,0,0.090357974,0,0,0,0,0,0,0,0,0,0,0.14711464,0.098131171,0,0.406771452,0.780268477,1.221890943,0,0,0.133429702,0,0,2.130919692,1.360645358,0.187034378,0,0,0,0,0,0,0,0,1.880035686,0,0,0,0,0.004808486,0,0,1.086723888,0,0.005519849,0,0,0,7.791410732,0,0,0,0,0.093624837,0,0,0,0,0.055033646,0.581731009,0,0,0,0.029274728,0,0,0,0,0,0,0,0,0,0.030781841,0,0.229930849,0.053538273,0,0,0,0.568085375,0,0,0,0,0,0,0,0,0,0,0.088287803,0,0,0.604498432,0,0,0,0,0,0,0,0,0,0.577774843,0,0,0.541788178,0,0,0,0,0,0,0,0,0,0,0.005015884,0,0,0.262265022,0,0,0,0,0,0,0,0,0,0,0,0,0,0,0,1.075782881,0,0,2.764981732,0.244689234,0,0.367440113,0,0.009192162,0,0,0,0,0,0,0,0,0,0,0,1.884984745,0,0,0.931941214,0,0,0.147354549,0,0.040838232,0,0.151576573,0,0,0,0.105928715,0,0,0,0.010522918,0,0,0,0.024917948,0,0,0,0,2.011489533,0,0,0,0,0.598661694,0,0,10.97981914,0.211560831,2.830663277,0,0.039957491,0.743820371,1.16669178,0.115259183,0,0,3.667339074,0,0.792672592,0.32249159,0,0,0,0,0,0,0.150310152,0,1.888565609,0,0.030756372,0,0,0.442434497,0.066020337,0,0,0,0,0.499465476,0.928224553
"LTMP12015",2015,0.050376542,14.30234124,0,8.275221247,4.937897218,0,0.141918578,0,0,3.484909494,0,2.017904381,1.159336036,0,0,0,0,2.154891848,0,1.02059637,0.413362608,0,0,0,0,0,0.015565763,0.015565763,0,0.316051312,0,0.085647781,0.42982648,0,0.059999148,0.309823532,0,0.296874425,0.034738501,0,0,0.019548852,0.305965152,0.032654067,0,0.216134745,0.082697146,0.066350557,0,0.084195827,0,0,0,0,0.117511053,0,0,0,0.391848805,0.085363902,0.152592252,0.059894836,0.115809692,0.749372577,0.158106311,0,0,0,0,0,0,0,0,0,0,0,0,1.263222133,0.160999801,0,1.047317223,5.335023878,0,0,0,0,0,0,0.090675056,0,0.151343703,0,0,1.893464726,7.892438645,0,0,0.057596101,0,0,0,0,0,0,0.86396295,0,0,0,0,0,0.306789622,0,0,0,0,0.035514098,0,0,0,0.010352106,0.168791297,0,0.015114058,0.038634305,0,0.088403377,0.490876986,0,0.056519898,0.10854374,0,0,0.354573959,0.153362396,0,0,0,0.170846742,0,0.01206689,0.46568627,0,0,0,0,0,0,0,0,0.299132991,0.349986335,5.683357045,0.262573187,0.761726272,0.743619116,0,1.287219242,0,0,0,0.626637393,0,0.530805645,0.055969612,0,0,0,0.365477096,0,0,0.197985186,0,1.967818873,0,0.08535264,0.296888478,0.110353102,0,0,0.215242557,0,0.02062418,0.480817822,0,2.227494776,0.365243484,0,0.028687037,0,0,0,0,0,0.753568343,2.259397688,0.570061484,0.504327896,0.764336166,2.772830483,0,0,0,0,14.52220224,0,0,0.130359335,0,0.021382837,0.135964814,0.010522918,1.668869973,0,0.037631815,0,0.262059027,0.136833181,0.098262444,0,0,0,0.201029033,0,0,0,0.089254279,0,0.845546976,0,0.48561804,3.63415413,0,3.748010822,0,0,10.81184874,0.062278385,2.200564163,7.20302826,0.503171616,3.71961264,0.165947096,1.22552725,0.117282605,0,0,0,1.901066717,0.835461999,0,0.567749027,0,0.25958248,0.184654406,2.27374066,0,0,0,0,0,0.114961786,0,0.389884311,0.085331897,0.066819897,0.295710176,0,0,0,0,0.304275048,1.478958402,0.24993153
"Big.Vickis2015",2015,0,0.209769555,0.141918578,3.034425378,0.361800877,0,0,0,0,0.603995591,0,0,0,0,0,0,0,1.269480347,0,2.43560326,0.457442708,0,0.083629005,0,0,0,0,0,0.379159119,0,0,0,0.106630681,0,0.014293809,0,0.017632333,2.069410701,0.042483042,0,0,0.349852006,0,0.989557506,0.016057704,0.90147638,0,0,0,0.775138285,0.017798246,0,0.056346711,0.100775635,0.050387818,0,0.088502648,0,0.539663889,0.071822305,0,0.218461227,0.349789479,1.083225126,0.105479208,37.30542744,0.161960225,0.069879087,0,0,0,0,0.130250318,0,0,4.490103328,0.446433513,0,0,0,2.598576838,2.119465616,0,0,0,0,0,0,0.005519849,0,0,0.065308134,0,0.062871986,3.051235278,0.008494116,0.016051372,0,4.466841632,0,0.060788929,0.313514529,0.626749877,0,0.338744324,0,0,0,0,0,0,0,0,0,0,0,0,0,0,0.010352106,0.079664645,0,0,0,0,0,0.59548384,0,0,0,0,0.922900867,0.113505225,0,0,0.496682914,0,0.113553889,0,0,0.623081354,0,0,0.893288565,0.413560145,0,0,0,0,0,1.278183382,0,0,1.091344735,0.837481388,1.013082017,3.068328992,0,0,0,0,0,0,0,0,0,0,1.170709435,0,0,0,0,0,0,0.182311952,0,0.628968432,0,0,0.071262944,0,0,0.737796866,0,0,0,0,0,0,0,0,0,0,0.152178277,0,0,2.742540344,0,0,0,0,0,0,11.62864048,0,0,1.855510307,0,0.793012079,0.246340909,0,0.631356877,0,0,0,0.017556247,2.357610474,0.257709414,0,0,0,0.240348501,0.07273012,0,0,0.032960033,0,0.978495978,0.056559201,0.109387895,2.867402659,0,0,0,0,3.418509675,0.525020519,0,9.413804805,0,4.858929171,0,0.453108978,0.767536585,0.09843601,0,0,0.122351424,1.676392306,2.003554269,0.393845815,0.401248804,0.505654098,0.827223027,0,0,0,0.28852235,0.004341678,0,0.141880126,0,0,0.019523086,0,0.482132841,0.009546674,0,0,0,0,0.956697843,0.064596759
"Coconut2011",2011,0,0.307204863,0,6.382835957,4.045385455,0,0,0,0,0.454916202,0,0.862729867,0,0.030921776,0,0,0,2.419792679,0,2.28327264,0.415867654,0,0,0,0,0.023941579,0,0.023941579,0.417863692,0.027327858,0.00528247,0.031188663,0.042877149,0,0.069918589,0,0,0.983606868,0,0,0,0.050387818,0.196882651,0.107940816,0.061926116,0.220078079,0.104678206,0,0.114272639,0.035618705,0,0,0.013005609,0,0.02556232,0,0,0,0.344476051,0,0.188251277,0.096133018,0.116478887,0.222063923,0.103103762,26.53184129,0,0.263288858,0,0,0,0,0.074260088,0,0,0,0,0.167981586,0,0,0.649952032,0.45711202,0,0,0.02120391,0.040437853,0.042407819,0,0.166877648,0,0.013297028,0,0,0.332640961,1.431477743,0,0.928268574,0,0,0,0.064186818,0,0.013942477,0,0.116131516,0,0,0,0,0,0.005024938,0,0,0,0,0.149596761,0,0.007123955,0.125335305,0,0.044074574,0,0,0,0,0.374832952,0.338830913,0,0,0,0,0,4.815287165,0.023244635,1.6706171,0.257062092,0,0.042721521,0,0.019856397,0,0,0,0,0.220629812,0,0,0,0,0.026581902,1.252797047,0.146682059,0,1.233614354,0.413796634,0,4.702464085,0,0,0.261633046,0.248642346,0,1.625171615,0,0,0,0,0.100761574,0,0,0,1.373170429,0.72001841,0,0,0.29619351,0.66069594,0,0.043722289,0.079819796,0,0,0.059303588,0,0,0,0,0.178580684,0,0,0,0,0,0.68970706,1.929797735,0,0.594793051,0.386514021,1.441849358,1.045264825,0,0,0.012278622,1.657182502,0,0,0.500730986,0,0.277943148,3.349452514,0.207362498,4.512921947,0.172591818,1.079439887,0,3.317264077,2.586531782,0.502131606,0,0,0,0.68995482,0,0,0,0.003567275,0,5.863715661,0.014096932,0,0.348225335,0,0.362656134,0.449116677,0.237566837,0.848896404,0,0.677554051,4.886871998,0,0.658774177,0,1.405933683,0.150843015,0,0,0,0,1.867152867,0,0,0.174790292,0,0.279870387,0,0,0,0,0,0.007068765,0.1296031,0,0,0.062416388,0.113792854,0.48881918,0.004842302,0,0,0,0.1138651,0.174996883,0.120106903
"Coconut2015",2015,0,3.599688394,0,4.396473034,16.31022325,1.154379478,0,0,0,0.460584579,0,1.785980723,1.852650667,0,0,0,0.851008596,6.957802164,0,1.262980188,0.431261998,0,0,0,0,0,0.019465294,0.050596819,0.515499394,0,0.112910497,0.024653283,0.582223479,0.040260511,0.17921994,0,0,1.114987402,0,0,6.111561167,0.032654067,0.047063727,0,0.016057704,0,0,0,0.00277986,0.026645649,0.017798246,0,0,0,0.050387818,0,0,0.100775635,0.20064165,0,0.152592252,0.173874764,0.138316484,0.373413116,0.042764847,4.013818827,0,0,0,0,0,0,0,0,0,0,0,0.129824521,0,0,12.43581485,2.913451055,0,0,0,0,0,0,0.178585756,0,0.2193463,0,0,0,1.074135119,0.025482348,0.032102744,0.115192203,0,0,0,0,0,0,0.916639434,0,0,0,0,0,0,0,0,0,0,0.087117888,0,0,0,0,0.083673349,0,0.071384364,0,0,0.053378555,0.193503101,0,0.119538931,0.067730876,0,0,1.369693944,0.029095314,0,1.596246401,0,0.222080589,0,0.0156283,0.520506141,0,0,0,0,0,0.323933076,0,0,2.65118464,0.75078221,1.771388565,0,7.165549277,1.118124093,0,1.146625963,0,0,0,0,0,0.606681344,0,0,0,0,8.778868008,0.351905467,0.283210005,0,1.310397696,0.162033851,0,0,1.061765175,0.07355775,0,0.029095314,0,0,0,0.050169829,0,0.353358539,0.450027284,0,0.445237903,0,0,0,0,0,0.744483076,0,0,0,0,11.64000524,0,0,0,7.485886195,15.09009435,0,0.05907281,0.487128112,0,0.010691419,0.278819395,0.018189189,0.333876711,0,0.066343921,0,0.233083767,0.090221108,0.05867765,0,0,0.045417211,0.23457291,0,0,0,0.024922041,0,9.723708533,0,0,0.124613838,0,3.963533908,0,0,9.380414976,0,5.075613666,8.787387375,0,5.427598038,0,1.084919123,0.308841112,0.788899865,0,0,0.611182753,2.334054468,0.636740728,0.300158294,0.408694263,0.447378847,0,5.148846958,0,0,0,0.030891736,0.050927811,0.178074658,0,0,0.133819014,0.121696434,0.622312022,0.016623461,0,0,0,0.279562481,1.157420792,0.402967531
"LTMP32015",2015,0,2.661884008,0,13.38045466,40.88459287,0,0.221209873,0,0,2.815037214,0,2.70359725,11.33309195,0,0,0,0,3.567260528,0,1.460153189,0,0,0,0,0,0,0,0,0,0,0.0107234,0.041912063,0.380847624,0,0,0,0,0.611780653,0.212621334,0,1.497634133,0.065308134,0.991643373,0.032654067,0,0,0,0.276833659,0.122369181,0.109334198,0,0,0.027699357,0,0.040903253,0,0,0,0.137059905,0.026196063,0,0.154610581,0.29896838,0.049709495,0,32.15448508,0.122369181,0,0,0,0,0,0,0,0,0.363399325,0,0,0,0,11.436786,3.53773394,0,0.197147914,0.004808486,0,0,0.177541824,0.060892656,0,0,0,0,0.618720003,3.337891555,0,0.030260159,0,0,0,0,0,0,0,0.214622542,0,0.04490757,0,0,0.098611917,0,0.196650676,0,0,0.117065992,0.067642798,0,0.053538273,0.101458601,0,0.165848574,0,0,0,0,0.023023476,0.036129035,0,0,0,0.557689902,0,0.947074668,0,0,2.04139004,0,0.159256283,0,0.0156283,1.529430756,0,0.784664174,0,0,0,0.687547424,0,0,0.515165185,0.93775728,0.514205913,0,1.058202886,0.174110164,0.370687754,0.539789269,0,0,0,0,0,1.417925052,0.303013275,0,0,0,0.878126161,0,0,0.056530999,0,1.646988492,0,0,0.055050376,0.44390445,0,0,0,0.071262944,0,0.966154833,0.259503561,0.802661688,0,0,0.022185263,0,0,0,0,0,0.997210407,0,0,0,0,23.60107363,0,0,0,14.00459923,17.24162793,0,0.100248463,0.819367008,0,0.032074256,0.228061407,0,0.748526219,0.012572082,0.603099874,0,0.181699703,0.410499543,0.054217796,0,0,0,0.11894076,0,0,0.188663614,0.033382512,0.071286526,0.900650688,0.291675146,0,1.331671619,0,2.12129061,0,0,5.332869169,0,3.608799026,3.774242503,0,0.286971475,0.454433565,0.878185991,0.678980316,0.908615124,0.74728734,0,0.825234058,1.375674395,0,0,0.814673869,1.924035927,0.576662541,3.027749496,0,0,0,0.002066287,0,0.429075513,0,0,0.138296802,0,0.394568268,0.033246922,0,0,0,0,0.265896004,0.35488602
"Resort2011",2011,0,0,0.310407545,6.054210083,0,0,0,0,0.023852898,0.621694477,0,0,0,0,0,0,0,0.87104753,0,0.079323738,0,0.046625069,0,0,0,0,0,0,0,0,0,0,0.200764709,0,0,0,0.034584469,0.476688488,0,0,0,0.02556232,1.819104565,0,0.028976197,0,0.06506179,0,0,0,0,0,0,0,0,0,0,0,0.237992836,0,0,0.196517662,0.231550665,1.481610551,0,0,0,0,0,0,1.730892946,0,0.021708386,0.088036177,0,0,0,0,0,0,0,0.511054616,0,0.012870012,0,0.249087723,0,0,0.138499347,0,0,0,0,0.06088598,1.531906008,0,0,0,5.505617857,0,0,0,0.208422363,0,0,0.188563975,0,0,0.09458008,0.297900107,0.115199499,0,0,0,0,0,0,0,0,0,0.279857688,0,0,0,0,0,0,0,0,0,0,0,0,0,0,0,0,0.054591546,0,0,0,0,0,0,0.459268277,0,0,0,0,0,1.488235485,2.367026025,0,2.433301773,0.123178161,0,0.086254835,0,0,0.111884132,0,0,0,0,0,0,0,0.301488278,0,0,0,0,0.285029313,0,0.174780075,0,0.23497002,0.286428988,0,0.011809743,0,0,0.927523623,0,0,0.247788318,0.677851321,0.431999165,0,0,0,0,0,0,0,0,0,2.145692157,0,0,0,0,0,4.019933313,0,0,0.135724943,0,0.197027065,2.727813578,0,0.62292972,0.046502702,0.104347652,0,0.039668598,0.129824543,0.750857132,0,0,0,0.033543876,0.102914498,0,0,0,0,2.243945645,0.418251636,0,3.22058244,0,0,1.134830559,0,0,0,0.026978259,10.00118915,0,0.242104525,0,0.313650477,2.928623456,0.569073868,0,0,0,1.262867394,0,0,0,0,0,0,0,0,0,0.003075958,0,0.888401624,1.557703631,0.041093538,0,0.079361434,1.564868545,0,0,0,0,0,0.44979066,0.053688394
"Big.Vickis2011",2011,0,0,0,10.83189137,0,0,0,0,0,0.68650434,0,0,0,0,0,0,1.71800456,0,0,0.460279972,0,0.119858317,0,0,0,0,0,0,0,0,0.130869868,0,0.219490795,0,0,0.085303747,0.232277135,0.6319857,0,0,0,0.15645118,0.661521183,0.335456568,0.247240022,0.852752127,0.032654067,0,0,0.026645649,0,0,0,0,0.073369386,0,0,0,0.569022038,0,0,0.673921212,2.410865533,0.635177288,0,0,0,0,0,0,0,0,0,0,0,0,0.468197043,0,0,0,0,3.131660445,0,0,0,0.230952339,0,0,0.152991057,0,0,0,0,0.216975149,7.750359574,0.949998962,0.710051061,0,0,0,0,0.032944416,0.04998758,0,0,0,0,0,0,0,0,0,0,0,0,0,0,0,0.201146411,0,0.225377786,0,0,0,0,0,0.907999155,0,0,0,0,0,1.14914622,0,0,0,0,0.032926694,0.024814848,0,0.314985705,0,0,0,0,0,0,0,0,0,0.67798346,0,0,0,0,0,0,0,0,0,0,0,0,0,0,0,0,0.489152387,0,0,0,0,0,0,0,0,0.349170193,0,0,0.347181463,0.082754054,0,0.931226312,0,0,0,0,0.9273481,0,0.03513593,0,0,0,0,0,0,0,0,0,0,0,0,0,2.596583982,0,0.353483993,0.987792149,0,3.285941738,4.817906324,0,0.810601875,0.064571693,0.142370868,0,0.77839406,9.562201211,2.427153545,0,0,0,0.77898582,0,0,0,0,0,0.809210033,0.109387895,0.438882167,1.134136339,0,0,0,1.60540643,1.038347484,0,0.19980158,13.08206666,0,2.762695196,0,1.696459263,0,0.497674061,0,0,0,0.715232945,0,0,0,0,0.355535763,0,0,0,0,0,0,0.430274383,0,0,0,0.023104492,0.531515363,0,0,0,0,0,0,0.585502206
"Blue.Lagoon2011",2011,0,0,0,2.104903686,1.740850735,2.72724681,0,0,0,0,0,0.047879724,0,0,0,0,7.92605136,1.036559574,0,7.001595701,0.072959414,0,0,0,0,0,0,0,0,0.035229818,0,0,0,0,0,0,0,0.434205446,0,0,0.111236107,0,0.298019022,0,0,0.072761648,0,0,0,0.026645649,0,0,0.039703611,0,0,0,0,0,0.043087242,0.015512048,0,0,0,0.849194959,0,13.51305947,0,0.397227189,0,0,0,0,0,0,0,0.063786593,0,0,0,0.229325227,4.999241051,0.07192235,0,0,0,0.650077023,0,0,0.014075955,0,0,0,0,0,0.337862352,0,0,0,14.71105946,0,0,0.027884954,1.126984677,0,0.066335765,0,0,0,0,0,0,0,0,0,0,0,0.090261678,0,0,0,0.027045786,0,0.012872705,0,0,0,0.90156233,0.308634431,0,0.144688987,0,3.308099531,0,0,0,0,0,0.032260213,0,0,0,0,11.05034835,10.34878474,0,0.776788606,0,0,0,0.707279974,2.172056105,1.962558335,0,0,0.02754008,0,4.904205748,0,0,0,0,0,0.174758343,0,0,0,0,0,0,0,0.398339315,2.979645442,0,0,0,0.07993879,0.109021195,0.03275575,0,0.040806327,0,0,0.532422525,0,0,0,0,0,0,0,0,0,0,0,0,0,0,0,0,0.204010248,0.726003682,7.424889163,0,1.266289408,0,0,0.483830407,0,0.78341774,0.511607024,0,0.190840079,0,0,1.981635515,0,5.186342904,0.016771938,0,0,0,0.343431045,0,0.03304456,0,0,0,1.70663767,0.093998353,0.328074957,0.134911893,0,0,0,0,0,0,0.347852062,0.521209303,0,0,0,0.265855982,0.6015894,0.114894575,0.484068987,0,0,0.119269798,4.195787396,0,0.034250858,0,0.036600622,0,0,0,0,0,0,0,0,0,0,0,0.180646091,0,0,0,0.00128519,0.199813907,0,0.481883919
"Bommie.Bay2011",2011,0,0,0,9.245311642,1.27194121,0,0,0,0,0.540878052,0,2.469424678,0,0,0,0,0.116471789,1.799704237,0,2.136424537,0,0,0,0,0,0,0.029029534,0,0,0.102805545,0,0,0.371555908,0,0.053315341,0.278150421,0.007398092,0.601985057,0,0.114052541,0,0,0.459473937,0.225694603,0.084442379,0.959498126,0.288617618,0,0,0.11697262,0,0,0,0,0.466002979,0,0,0,0.57010384,0,0,0.191773856,0.538508303,0.171761734,0,0,0,0,0,0,0,0,0,0,0,0.127573185,0.176310134,0,0,0,0.006612151,0.289356722,0,0,0,0.277461096,0,0,0.190399298,0,0.091884712,0,0,0.160351202,1.323424991,1.15730108,0.544159434,0,0,0.02315747,0,4.517530877,0.118861271,2.06867264,0,0,0,0,0,0.360268173,0,0,0,0,0,0.033821399,0,0.333791582,0,0.050948336,0.387736263,0.08396658,0,0,0.105185084,0,0.009930588,0,0,0,0,0,0,0,0,0,0,0.08064769,0,0,0,0,0,0,0,0,0,0,0,0,1.311590926,0,0,0,0,0,0,0,0,0,0,0,0.174456652,0,0,0,0,0,0,0,0,0,0.511821368,0,0,0,0.654623755,0,0,0.174013929,0,0.098353579,1.356804288,0,0,0.097224454,0.021715383,0.741205112,0,0,0.829188651,0,0,0.085343133,0,0,0,0,0,0,0,0,0,2.844574268,0,0,0.353483993,0,1.109469056,5.060783612,0,3.932820011,3.009392767,0.651913855,0.464941089,0.241371494,3.607716178,0.530935016,0.106660951,0,0,0.115110934,0,0,0,0,0,0.487871319,0.21877579,0,0.282216964,0.126358608,0,0,0,0.37341453,0,1.584016514,1.124745963,0,2.716978116,0,1.698969291,0.339575779,1.967755895,0,0,0.047805876,2.864668381,0,0,0,0,0,0,0,0,0,0.007722934,0,0.514109744,0,0,0.050140126,0.513469947,0.912057515,0,0,0,0,0,0.195453516,0.105708688
"Bommie.Bay2015",2015,0,0,0,3.178791648,1.006983991,0,0.857723396,0,0,1.552986689,0,0,1.6993496,0,0,0,0,3.816092679,0,1.833777406,1.201563838,0,0,0.10148671,0,0,0.023941579,0.038581654,0.320460834,0,0,0.21483266,0.564972393,0.017607454,0.109597994,0,0,0.232698989,0,0,0.132578647,0,0,0.131773707,0,0,0.019548852,0,0.07355732,0.019925994,0,0,0,0,0.058216387,0,0,0,0.58486456,0,0,0.246688983,0.035378236,0.841381165,0,4.8143024,0,0.370838477,0,0,0,0,0,0,0,0.648592867,0,0,0,0,11.60959383,5.0375602,0,0,0.013006198,0,0,0,0.135286377,0,0,0,0,0.273580185,8.50959871,0,0,0,1.077896645,0.101162033,0.88024224,0,0,0,0.816230411,0,0,0,0,0.970998034,0,0,0,0,0,0.045927383,0,0,0,0,0,0,0,0.028282199,0,0.289843899,0,0,0,0,0.18714591,0,10.9322723,0,0.817328352,1.543822508,0,0.121125228,0,0,0,0,0,0,0.897667758,0,0,0,0,0.593961343,2.401448466,0,0,0,0.84860177,0,0,0,0,0,0,0,0.724399503,0.872202809,0,0,0,0,0,0.307788283,0,0.772012542,1.829587552,0.046421333,0,1.249420784,0.129418562,0,0,0.03304456,0.13171924,0.026343848,0.135588747,3.224227204,0,0.57078248,0,1.387559397,0,0,0,0,0,9.544712148,9.119459117,0,0,0.594793051,0,0,0,0,0.357840495,8.612063105,0,0,0.358203439,0,0.2266025,0.306098832,0.016771938,0.369001651,0,0,0,0.028832186,0.15105486,0,0,0,0,0.037817773,0,0,0,0.163955608,0.529692923,5.088089674,1.800816081,0,0.768918246,0,2.95046467,0,0.722245638,7.881625211,0.295749309,4.113812747,5.747767375,0.438882167,2.029688167,0.218217494,0.852231231,0.505713131,0,0,0,1.686988812,3.136437815,0,1.74470811,0,0,0,2.170008695,0,0,0.25987698,0,0,0.020690946,0,0,0.397437264,0,0.390404155,0,0,0,0,0,1.842119572,0.118285153
"Granite2011",2011,0,0,0,2.469362848,2.766638739,0,0,0,0,1.518536391,0,0,6.047000679,0,0,0,0,0.320893739,0,0.106956424,0,0,0,0,0,0,0,0,0,0.597655479,0,0,1.660667097,0,0.053315341,0,0.042024236,0.821463828,0,0,0,0,1.315781057,0.235517546,0.087616273,0,0.16410759,0,0,0.586011912,0,0,0,0,0.28764462,0,0,0,0.134741911,0,0,0.854486192,0.589566146,0,0,0,0,0,0,0,0,0,0,0.170120825,0.018402232,0.043858172,0.09279682,0.036804465,0,0,0,0.932058981,0,0.008197712,0,0.15905434,0.012870012,0,0.085865056,0,0,0,0,0.38117063,7.616156321,0.034612488,4.575385514,0.868414015,0,0.10942368,0,0,0.064186818,0,0,0,0,0,0,0,0.009740154,0,0,0,0,0.008209157,0,0,0,0,0.296593957,0,0,0,0,0,0,0,0,0,0,0,0,0,0,0.545337763,0,0.070341036,0,0,0,0,0,0,0,0,0,0,0,0,0.297465339,0,0,0,0,0,0,0.110090938,0,0,0,0,0,0,0,0,0,0.944121542,0.394320382,0,0,0,0,0,0.140039338,0,0.572118008,0,0,0.013904444,0.038153591,0.275200804,0,0.78297544,0,0.05677698,0,0.335167855,0,0,0,0,0,0,0,1.065857018,0,0.806733771,0,2.23327701,0,0,0,5.222816751,0,0,1.850744429,0,0.149879207,4.235947987,0,1.932901663,0.236281296,0.972730151,0,0.132143084,2.848895798,1.229367742,0,0,0,0.049318151,0,0,0,0,0,1.012858238,0.391604859,0,0.827224314,0,0,1.404355157,0.750047936,0.51856795,0,0,8.370937282,0,4.182200965,0,0.758079027,1.090266671,0.881556784,0,0,0,3.464314666,0,0,0,0,0.022619375,0,0,0,0,0,0,1.961954426,0,0,0,0.16385453,1.82713926,0,0,0,0,0,3.80806118,1.556908312
"Monkey.s.Butt2011",2011,0,0,0,0.180025318,0.290141789,0,0,0,0,0.2910457,0,0,0,0,0,0,0,0,0,3.756767968,1.312858477,0,0,0,0,0,0,0,0,0.055249465,0,0,0.395489467,0,0,0.152350418,0,0.515060233,0,0,0,0.091291071,0.21075254,0.050387818,0,0,0,0,0,0.055585867,0,0,0,0,0.123757204,0,0,0,1.008427859,0.132937822,0,0.081261101,0,0.983110603,0,0,0.087017083,0.141360108,0,0,1.162404965,0,0,0,0,0.568196492,0,0,0,0,1.143235565,9.265775658,0,0,0,0.35203589,0,0,0.005519849,0,0,0,0,0.285005021,0.51778736,0,0.016051372,0,0.162260047,0,0,2.024578083,0.689104112,0,0.421452936,0,0,0,0,0,0,0,0,0,0,0,0.481279065,0,0,0,0.048958522,0,0,0,0,0.13241231,0.017853153,0.290220324,0,0,0,3.651149045,0,0,0,0,0,0.020985398,0,0,0,0,0.844797845,0,0.589739563,0,0,0,0,0,1.485936913,7.320237509,0,0,0.029489388,0,1.419772642,1.109021347,0,0,0,0.050169107,0.054926808,0,0,0,1.229410864,0,0,0,0,0,0,0.441636639,0,0,0.527580493,0.00490385,0,0.052687696,0,0,0.177909662,0,0,0,0,0.012354171,0,0,0,0,0,0,0,0,0,0,0,0,0.235603429,0,0,2.824328707,0,0,1.010485551,0,0.959564925,0.552457927,0,2.31788632,0,0,0.51513328,0.011275939,3.166549594,0,0,0,0,0,0,0,0,0,0,0.329860338,0.525020519,0.746280078,5.229779428,0,0,0,0,3.167570448,0,0,0.070688176,0,0,0.842164862,0,0.717412933,0,0,0,0,0.267971985,4.905793275,1.344174048,0.27940244,0,0.13574315,0,0,0,0,0,0,0,0,0,0,0,0.397876074,0,0,0,0,0,0.274175376,0.134590524
"Monkey.s.Butt2015",2015,0,0,0,3.92049989,0,0,0,0,0,1.076919085,0,0.264074968,0,0,0.072938475,0,1.561950167,0.036127574,0,0.336940506,0.145521554,0,0,0,0,0,0.043406873,0,0,0.04450215,0,0.062153805,0.536831396,0,0.044631035,0,0.042024236,0.645544892,0,0,0.254783753,0.200211482,0.3761554,0,0,0.145523296,0,0.066350557,0,0.293429206,0,0,0,0,0.040903253,0,0,0,0.100775635,0.06594355,0,0.230160745,0.08824386,0.339842145,0,0,0.040903253,0.36810745,0,0,0,0,0,0,0,0.961927965,0.249016927,0,0,0,0.704852045,1.499026356,0,0,0,0.214962598,0.004808486,0,0.177597071,0,0,0,0,0.206240001,0.879543346,0.052439391,0.062362903,0,1.077896645,0,0.072271579,0,0.478731,0,0.066335765,0,0,1.482707784,0,0,0,0,0,0,0.115940755,0,0,0.036651241,0,0,0.17622092,0,0,0,0,0,0.237881141,0,0,0,0,0.1106926,2.338336795,0,0,0,0,0.129648639,0,0,0.801174648,0,0,0.192299703,0,0,0.705787837,0,0,1.936711568,0.626438381,0.599155714,0,0,0,0,0,0,0,0,0,0,0.164780424,3.275798236,0,0,0,0,0,0,0,0,0.715015732,0,0.064541656,0,0.357981051,0,0,0,0.026343848,0.150800979,0,0,0,0,0,0,0,0,0,0,0,0.032944416,0,0.992276456,1.210134123,0,0,0,0,0,0,5.58412195,0,0,0.202345822,1.177784747,0.554676807,0.713309027,0,0.591753915,0,0,0,0,1.204149747,0.111642008,0,0,0,0.091256239,0,0,0,0.035818271,0,0,0,0.415019738,1.481174227,0,0.843331432,0,0,8.008761872,0,0,1.076352871,0,0,0.265604779,0.17660699,0.971714056,0.084163132,0,0,0.52733008,2.614625038,0,0.791791227,0,0.894757694,0.05553149,0,0,0.721249214,0.120707835,0,0,0,0,0,0,0,0.455125202,0.0265689,0,0,0,0,0.116504745,0.153910943
"North.Reef2011",2011,0,0,0,0.170824974,0.175971881,0,0,0.184645635,0,1.09020155,0,0.464528206,0.754570851,0.060165426,0,0,0,0.917766637,0,0.489434373,0.099228585,0.16496753,0,0,0,0,0.0846065,0,0,0.23532274,0,0.301185299,0.382793014,0,0.014293809,0,0.014796184,0.334256512,0,0,0,0.050387818,0,0,0.05339432,0.048349187,0.039097704,0,0,0,0,0,0,0,0,0,0,0,0.390289711,0,0,0.233141489,0.039822025,0.109544212,0,0,0,0,0,0,0,0,0,0,0,0.885047628,0.29239445,0.10995115,0,0,0,1.70894978,0,0.008197712,0,0.130930529,0.055277832,0,0,0,0.101173203,0,0,0.117808641,5.572382916,0,0.206032773,0.019454785,0,0,0,0,0,0,0.89308733,0,0,0,0,0.152663983,0,0,0,0,0,0.006174703,0,0,0.09495061,0,0.238962133,0,0,0,0,0,0.912206312,0,0,0,0,0,0,0,0,0.245712472,0,0.01701216,0,0,0.112610125,0.228405516,0,0,0,0,0,0,0,0.152250522,0,0.527089407,0,0.206618589,0.023182597,0,0,0,0,0,0,0,0.695610281,0,0,0,0,0.759846344,0.865783058,0,1.446544959,0.320716394,2.101506433,0.710808983,0,0,0.571837076,0,0,0,0.006251382,0,0.088199952,0.776878892,0,0.489028019,0,1.403302152,0,0,0,0,0,0,0,0,0,0,0,0,0,0,0,4.738244619,0,0,0,0,0.055699874,1.401050879,0,3.241381257,0,0.069182819,0.006063063,0.036989794,1.350775942,0.441692441,0,0,0,0,0,0,0,0,0,1.717767089,0.024164864,0,3.034673936,0,0,0.115414815,0,1.616909195,0,0.374576009,0.365054945,0,0.489335345,0,1.033723589,0,0,0,0,0,0.744835742,0,0.16042332,0.161592182,0,0,0,0,0,0,0.004341678,0,0.259658954,0,0,0,0.029065137,0.569277867,0,0.594870271,0,0.000713071,0.31178616,0.868473413,0.140826167
"North.Reef2015",2015,0,0,0,1.241587612,0,0,1.094205062,0,0,2.586679776,1.139815403,5.565497181,4.384971557,0,0,0,0.60487495,1.466679586,0,0.256123168,0,0,0,0,0,0,0.048305134,0,0.269328005,0.730843915,0,0.063474581,0.414373791,0.027562847,0.08213654,0.034161583,0.050464606,2.202523131,0,0,2.489733173,0,0.343463923,0.039097704,0.222665475,0,0,0,0,0,0,0,0,0,0.032654067,0,0.108051205,0,0.207723845,0,0,0.362427955,0,0.652648573,0,33.00845601,0.187829959,0,0,0,0,0,0,0,0,0.139150339,0,0.06898864,0,0.828667707,8.595552281,2.897786153,0,0,0,0.013006198,0.004808486,0,1.352283443,0,0.028099231,0,1.820512853,1.105698735,12.22074102,0,0,0,0,0,0,0,0,0,0.745933058,0.778826373,0.017602648,1.395612474,0,0,0.254155842,0,1.409788653,0,0,0,0,0,0.031670727,0,0.152034635,0,0,0,0,0.044201688,0.624944379,0,0,0,0,0,1.245457982,0,0,0,0,0.123461201,0,0.024814848,0,0,0.409970684,0,0.635871444,0,0,0,0,0.041180963,0.401910333,1.409048288,0,0.270894089,0.509161062,0,0.75270513,0,0.189015478,0,3.734412143,0,1.130956373,0,0,0,0,0,0,0,0,0,1.081882924,0,0,0.045109577,0.167227908,0,0,0,0,2.157715979,0.177909662,1.608188403,0,0,0,0.641268537,0.02307353,0.598441295,0,0,0,0,10.0864481,0,0,0,0,0,0,0,0,1.068900838,0,0,2.137321863,0,0.144355286,0.373753193,0,1.265548674,0.039369753,0.012126126,0,0.068940311,0.011218639,0.123418363,0,0,0,0.048154733,0,0.098353579,0,0.164900808,0,0.091637076,0.857156317,0,1.587810734,0,0,0.247839139,0.389747662,7.694942447,0.093998353,0,2.890205631,0,6.443994058,0.539635788,2.139829778,0.328566405,0.789887459,0,0,0,3.409339043,0,0.094961045,0.253274162,0,0,0,0,0,0,0.11704001,0.016168412,1.783960946,0,0,0.447667476,0.233643239,1.215870807,0.032773416,0,0,0,0,4.134160193,0.211417375
"Palfrey.Lagoon2011",2011,0,0,0,4.850778276,0,0,0,0,0,0.02865434,0,1.794427598,0,0,0,0,0.157008216,0.300892362,0,2.020020383,0,0,0,0,0,0,0,0,0,0,0,0,0,0,0,0,0.013558952,0.007101442,0,0.020667626,0,0.341927156,0.820172681,0,0,0,0,0,0,0,0,0,0.02203745,0,0,0,0,0,0.472964041,0,0,0,0.028340494,0.470160624,0,0,0,0,0,0,0,0,0,0,0,0.111432676,0.289416411,0,0,0,0.00276553,0.326889607,0,0,0,0.185339809,0,0,0.223420911,0,0,0,0,0.027663515,1.334376564,0.127499476,0,0,0,0,0.046846452,0.036045104,0.738055769,2.484632298,0.275909322,0,0,0,0,0,0,0,0,0,0,0,0,0.036427729,0,0,0.12444562,0,0.010352106,0,0,0,0.595306064,0,0.059769466,0,0,0.763519006,1.150714219,0,0,0,0,0.041550344,0,0.01206689,0,0,0.736289373,0,3.1969159,0,0,0.406560183,0,0,0.922908762,0,0,0,0,0,0,0,0,0,0,0,0.054926808,0,0,0,0,0,0,0,0,0,0,0,0.098419342,0.056732173,1.28714028,0,0,0.150800979,0,0,0.66199928,0,0,0,0,0.05857934,0,0,0,0,0,0,1.063562266,0.792120494,0,0,0,0,0.780591533,0,0,5.431044194,0,0,0.318949745,0,2.532284756,0.43534926,0,0,0,0,0.713759071,0,4.49471615,0,0,0,0,0.360320881,0.020983665,0,0,0,0,5.746754697,0,0,0.215740072,0,0.007288843,0,0.750532657,0,0,0,1.464781734,0,0.578747532,0,0.191726081,0.557897858,2.532136625,0,0,0,0.614459264,1.061068223,1.279048973,0.131576333,0,0.012801968,0,0,0,0,0,0,0,0,0,0.045729668,0,0.424204689,0,0,0,0,0,0,1.000544546
"Palfrey.Lagoon2015",2015,0,0,0,0.366706162,0.132063763,0,0,0,0,0.041546375,0,0.11915304,0,0,0,0,1.484808609,1.773032123,0,3.604937344,0,0,0,0,0,0,0,0,0,0.081584296,0,0,0,0,0,0,0,0.354917023,0.034738501,0,0,0.032654067,0.103393431,0,0,0,0,0,0,0,0,0,0.027699357,0,0,0,0,0,0.148350019,0,0,0.029947418,0,0.164068201,0,0,0,0,0,1.176711432,0,0,0.690028296,0,0,0.303496797,2.887538902,0,0,0,1.808487723,2.814309862,0,0,0,0.055414017,0,0,0.103507062,0,0,0,0,0,0.389771818,0.023221747,0,0,0,0.045634948,0.044205253,0.851798256,0.224866999,0,0.093448958,0,0,0,0,0,0,0,0,0,0,0,0,0,0,0,0.016075362,0,0,0,0,0,0.237264072,0,0,0,0,3.842880707,0.167631726,0,0,0,0,0.053429366,0,0,0.350654505,0,0,0,0,0,0,0,0,0,0.843233754,0,0,0,0,0,0,0,0,0,0,0,0,0.251230106,0,0,0,0,0,0,0,0,0,0,0.053431992,0.378605758,0.384488331,0,0,0.457629785,0,0,0,0,0.39562915,0,0,0,0,0,0,0,0,0.046846452,6.217386933,0,3.965645123,0,0,0,0,0,0,0,0,0,0.788628652,0,0.750482011,0.239590958,0,0,0.011027904,0,0.572711656,0,1.782477438,0.021045835,0,0,0,1.010695488,0,0,0,0.025745411,0.202345822,3.797124504,0,0,0,0,0,0,0,0.781064841,0,0,2.239335136,0,1.439290135,0,0.132586857,2.176335934,0.497674061,0,0,0.267986988,0.426295191,0,0,0.207875161,0,0.380804115,0,0,0,0.563694971,0.019491194,0,0.055249465,0,0,0,0,0.26325514,0,0,0,0,0,0,0.203253578
"Pidgin.Point2011",2011,0,0,0,17.02692845,6.537681363,0,0,0,0,4.254854648,0,0,0.91293916,0,0,0,0,1.38382186,0,0.277785809,0.042717438,0,0,0,0.020983665,0,0,0,0,0,0.110020995,0.049886818,0.135948029,0,0,0,0,0,0,0,0,0.07355732,0.047063727,0,0.027970308,0,0,0,0.111572408,0.209953905,0,0,0,0,0,0,0.380680361,0,0.146738773,0,0,0.357798902,0,0.53217654,0,0,0,0.670817084,0,0,0,0,0,0,0,0,0,0,0,0,4.043096837,0.391398897,0,0,0.004808486,0.029265436,0.024593136,0,0.153869645,0,0,0,1.03271826,0.019597235,2.552351449,0.049260913,0.346758135,0,0,0.239824065,0,0,0.013942477,0,0,0,0,0,0,0,0,0,0,0,0,0.002063676,0,0,0.042143938,0,0.059560306,0,0,0.028282199,0,0,0,0.239701004,0,0,0.143615652,0,2.404454623,0,0.457922563,6.241108018,0.03056838,0.061089974,0,0,0.222756995,0,0,0,0,0,0,0,1.417034035,2.890548629,0.639026714,0.166374927,0,1.166805373,0,0,1.628675444,0,0,0,0.929378073,0.099285104,1.288713801,0,0,0,0,0,0,0,0,2.435419908,1.704071915,0,0,0.242900299,0.368782766,0,0,0.099418989,0,0,0.026236819,1.195478348,0.521303269,0,0,0.236920791,0,0,0,0,0,0.323013723,0,0,0,0,0,0,1.464010267,0,0.693065755,0.199350228,0,0,0.515023501,0,0.027563455,1.848760233,0.035862134,0.483946482,0,0.006063063,0,0.212311688,0.452338097,0,0,0.052634072,0,0.143580115,0,0,0,0,0.445952459,1.012858238,0,0,0.165947096,0,0.237566837,2.180277942,0,0.397020516,0,0,0,0,0.741826401,0,0.278756127,0.220999903,0,0,0,0.777427539,0.823951536,0.603854132,0,0.60561921,0,0,0,0,0,0,0,0,0.027327858,0,0,0.027125181,0,0.060391103,0,0,0,0,0,0.181498918,0
"Pidgin.Point2015",2015,0,0,0,0.10704557,8.998189864,0,1.357768928,0,0,2.186884307,0,0,0.145876951,0,0,0.048871854,0,3.520167854,0,1.917012071,0.608873952,0,0,0,0,0,0.039507341,0,0,0,0,0.164507415,0.305282246,0,0.063383788,0,0,0.329061285,0,0,0,0,0,0.040903253,0,0,0.039097704,0,0.065308134,0.135979847,0,0,0.11740733,0,0,0.223144816,0.091133021,0,0.084856986,0,0,0.077305291,0.39399026,0.650085736,0,9.785691197,0,0.406706633,0,0,0,0,0,0,0.006322866,0,0,0.067680834,0,0,0.763163966,2.320758999,0,0,0,0.014425457,0,0,0.101207728,0,0,0,0,0.264306176,2.525477554,0,0,0,0,0,0.260222551,0,0.391916691,0,0.964658306,0,0.010110854,0,0,0,0,0,0,0,0,0.016683511,0,0,0.187634507,0,0.104489851,0,0,0,0,0.116459757,0.154189419,0,0,0,0.114473743,0,0,0,0,0.819362424,0,0.123848756,0,0,0.585568289,0,0,0,0,0,0,0,0,0,0.876999251,0.235775863,0,2.803242343,0.400137359,0,0.851940126,0,0,0,1.201840213,0,0.066755517,0,0,0,0,1.190798389,0,0,0,0,0.878668139,0,0,0.615441407,0.294231001,0,0,0.09913368,0,0,0,1.069489339,0.101380242,0,0,0.61686587,0,0,0,0,0,3.706155312,0,3.298225723,1.063562266,1.730073005,2.795953504,0,0,0,8.88353958,3.895153697,0,0.353483993,0.949999574,0,0.010691419,0.447262696,0,0.694862321,0,0,0,0.689403112,0.048349593,0,0,0,0,0.037817773,0,0,0,0,0.705834408,9.186413267,0.922199163,0,0.661381546,0,1.937590051,0,0.220356961,5.073918572,0,0.354388334,0,0.729398574,1.667249641,0.237566837,0.341609677,0.114252607,0,0,0,0.892016065,1.062733656,0,18.1141447,0.451846271,0,0,2.411372794,0,0,0.239993372,0,0.021206296,0.062557676,0,0.12395085,0.430518339,0.043386698,0.222582482,0,0,0,0,0.399627813,1.11237508,0.206397305
"Steve.s.Gully2011",2011,0,0,0,0.872333457,0,0,0,0,0,0.163959075,0,0.383511532,0.347396054,0,0,0,0,0.575021011,0,1.12653402,0.099228585,0,0,0,0,0,0,0,0,0.035229818,0,0,0.723435143,0,0,0.160490075,0.017632333,0.709757388,0,0,0,0.343431695,0.123388557,0.149319524,0,0.288120441,0.029066295,0.171827378,0,0.090326971,0,0,0,0,0.256559559,0,0,0,0.387398546,0.049745684,0,0.30722659,0.093059532,0.440031442,0.180090143,0,0.172756999,0,0,0,0,0,0,0,0,0.552084687,1.504822902,0.387410641,0,0.229325227,0,0.552207769,0,0,0.017814684,0.075516512,0,0.396828127,0.027546263,0,0.168171144,0,0,0.570238651,4.267878139,0.014648425,0.217099837,0,0,0,0,0,0,0,0.122475419,0,0,0,0,0,0,0,0,0,0,0.024562538,0,0,0,0,0.084018718,0,0,0,0,0.036129035,0.494676749,0,0,0.067730876,0,0,0.010328825,0.458373513,0,0,0,0.029187585,0,0,0.429953453,0,0,0,0,0,0,0,0,0.13263074,0.878208963,0,0,0,0,0,0,0,0,0,0,0,0.016436317,0,0,0,0,1.277673595,0.72561322,0,0,0,0.090735858,0,0,0.023206617,1.259811413,0,0,0.147223772,0.016559377,0,0.792760632,0.153836622,0,0.406131122,0,0.207177642,0,0,0,0,0,0,0,0,1.616273091,0,0,0,0,0,0,4.058249951,0.559746807,0,0.291999485,0,0.410731948,1.572137556,0,4.291118811,0,0,0,0.637271212,4.409008405,0.303281579,0,0,0,0.121042419,0,0,0,0,0.672433738,0,0.17119383,0,1.105912928,0,0,0.720563889,0,2.634008543,0,0,5.147690895,0,3.941394504,0.265604779,0.509785321,0.174951476,0,0.210941086,0,0,1.433927448,0,1.006406103,0.821627868,0,0.196922908,0,0,0,0,0,0,0.451298777,0,0,0,0,0.420333938,0,0,0,0,0.022973442,0.629957045,0.06085196
"Steve.s.Gyllu2015",2015,0,0,0,1.907644963,2.239541792,0,0,0,0,1.724138725,0,0.161660734,0.121783588,0,0,0,0,0.388627238,0,0.824857589,0.137601582,0.015764242,0.015764242,0,0,0,0.023941579,0.015565763,0.379159119,0.035229818,0,0,0.925098224,0,0.033046561,0.016798374,0,0.742033204,0.072485565,0,0,0.058646556,0.225175092,0.112655024,0,0.135234838,0,0,0,0.265887767,0,0,0,0,0.100547572,0,0,0,0.338340113,0.061198282,0,0.059894836,0.156778262,0.417624833,0,9.105830473,0.130616268,0.038115131,0,0,0,0,0.010854193,0,0,0.653119889,0,0.264177295,0,0,2.488542095,1.954389474,0,0,0,0,0,0,0.124799342,0.02815191,0,0,0,1.712840659,5.691264404,0.077921739,0.182748192,0,0,0,0,0,0,0,0.2848027,0,0.028129576,0,0,0,0,0,0,0,0,0.01062143,0,0,0.028282199,0,0.228323168,0,0,0,0,0.081208407,0.624355099,0,0.037029056,0,0,0,0,0,0,0,0,0.11757763,0,0,0.523969511,0,0,0,0,0,0,0,0,0,0.579972357,0,0,0.240639215,0,0,0,0,0,0,0,0,0.143805366,0.569084643,0,0,0,0.01325096,0,0,0,0,0.275111222,0,0.213695848,0.032260301,0,0,0,0.194565991,0,0,0.321208172,0.440664514,0,0,0,0.232518283,0,0,0,0,0,0.032944416,0,0,0,0,0,0,0.045183131,0,0,6.118373849,0,0,1.312879349,0,0.295957783,0.195722737,0,0.511658515,0.023599986,0.006063063,0,0.113045539,0.392481303,0.161399949,0,0,0,0.152316427,0,0,0,0.111371642,0,0,0.126358608,0,2.507287059,0,0.848694808,0.293189743,0.144985992,4.67025972,0,2.873325297,4.505086617,0.39956714,3.954481937,0,0.493904653,1.163774821,0,0,0,0.434388479,1.420007157,0,0,0,0.365094795,0.18992209,0,0,0,0,0,0,0.558624782,0,0,0.059038245,0.010252124,0.607866237,0,0,0,0,0,0.758371035,0.044056076
"Washing.Machine2011",2011,0,0,0,2.640798331,0.537704509,0,0.27613523,0,0,1.796214439,0,0,2.826096305,0,0,0,0,0.094163977,0,0.832190497,0,0,0,0,0,0,0,0,0,0.617039732,0.047643669,0,0.527302358,0.010174001,0,0.288990745,0,0.440037715,0,0,1.219272253,0,0.643586409,0.561163152,0.041668733,0.798686268,0.23557652,0,0,0,0,0.084872282,0.055398713,0,0,0,0,0.008256626,0.724635461,0,0,0.179064404,0,0.339842145,0,0,0,0.056870891,0,0,0,0,0,0,0,0,0.34234118,0.297561071,0,0,0.044415714,1.73503016,0,0,0,0.446745351,0,0,0.073115394,0,0,0,0,0.47432408,2.543632715,1.422695978,2.490558943,0,0,0,0.589602501,0.350480617,0.1106926,0,0.055033646,0,0.096528755,0,0,1.076956703,0,0,0,0,0,0.044174958,0,0,0,0.002250954,0.452144741,0,0,0,0,0.063727415,0.368955797,0,0,0,0,0,0.873246614,0,0,0,0,0.064075647,0,0,0,0,0.296917315,0,0,0,0,0,0,10.90444686,0.679648156,0.187743551,0,0,0,0,0,0,0,0,0,0,0,0,0,0,0,0,1.150037934,0,0.013735798,0,0.302674269,0,0,0.174780075,0,0,0,0.330879135,0,0.015805902,0.810313883,0,0,2.398553498,0,0.728231035,0,0,0,0,0,1.396156802,0,0,0,0,0,0,0,0,0.294060291,4.406186886,0.015263209,0.716764045,0.353483993,0,1.704868701,12.1670574,0.085595487,2.989204531,0.791751002,0.499595004,0,3.603639505,5.523403283,0.760335288,0,0,0,0.168076404,0,0,0,0,0,1.429433196,0.301994211,0,0,0,0.433556871,1.179258497,0.239477011,0,0,2.569714962,4.723559546,0,2.926585249,0,2.281310902,0.09843601,0.953932771,0,0,0.57604144,0.386108313,0,0,0,0,0,0,0,0,0,0,0,0.431591713,0,0,0,0,1.036527403,0.013857593,0,0.751674931,0,0,0.163295195,0.232112712
"Washing.Machine2015",2015,0,0,0,2.124595571,0,0,4.083222401,0,0,1.203771119,0.601051431,0.340293449,1.548813663,0,0,0,0,1.422875023,0,0.531931256,0,0,0,0,0,0,0.058395881,0,0.421517612,0.04450215,0,0.21629839,0.147103498,0,0,0,0,0.028049082,0,0,0.889888853,0.081806506,0.151334864,0.106211387,0.074190039,0.096698374,0,0,0,0.061386753,0,0,0,0,0,0.100775635,0,0,0.326540671,0,0,0.210014346,0,0.491408305,0,17.61549,0,0.068357571,0,0.45594966,0,0,0,0,0,2.50824244,0,0,0,0,1.916492545,0.907981416,0,0,0,0.017814684,0.004808486,0,0.099657487,0,0,0,0,0,2.778257086,0,0,0,0,0,0.254329617,0,0,0,0.460863549,0,0,0,0,0,0.529976894,0,0,0,0,0,0,0.017909136,0.112559026,0,0.010179196,0,0,0,0,0,0.529177162,0,0,0,0,0,0,0,0,0.993365829,0,0.194343458,0,0.019856397,0,0,0,0,0,0,0,0,0,0,0.478183637,2.591005126,0,0,0,0.505557899,0.390281293,0,0.48463991,0,0,0,0.151838983,0.353723446,0,0,0,0,0,0,5.979321638,0,0,0,0,0.724485143,0.220673251,0,0,0.254515789,0,0,0.126928985,0.481087922,0.037922679,0,0,0.289539481,0,0,0,0,0,2.026467459,0,2.631326263,0,0,0,0,0,0,0,2.677910061,0,0,0,0,0.182795471,0.516440003,0,0.932079796,0,0.063137505,0,0.677841025,0.315537876,0,0,0,0,0.065112629,0.019126832,0,0,0.00756663,0,0.351049032,0,0,0,0,0,0,0,2.466186446,0,0.43884616,1.077440802,0.438882167,3.078817754,0,1.632292714,0.230130395,0.375341864,0,0,0,1.559240096,1.042047805,0,0,0,0,0.447340379,0.495399915,0,0.145373273,0.010225808,0,0.520010046,0,0,0.107525362,0.031804079,0.302652429,0,0,0,0,0,0.437726617,0
"LTMP12011",2011,0,0,0,0,2.570517534,0,0,0,0,0.374010992,0,1.251040755,0,0,0,0,0,2.957856439,0,3.664424453,1.132335678,0,0,0,0,0,0.095790629,0,0,0,0.086464968,0.318020606,0.735462425,0,0.091582788,0.455020621,0.121385739,0.342061535,0,0,0,0,0.865294777,0.532334471,0,0.220973485,0.060820992,0,0,0.119604046,0,0.076943698,0,0,0.151650485,0,0,0.01171317,0.542399124,0,0,0.235200477,0,0,0,0,0,0.295621045,0,0,0,0,0,0.036644166,0,0.233349514,0.263726194,0.472152108,0,0.111236107,0.077171301,0.486463867,0.02120391,0,0.025740025,0.100877245,0.166043716,0,0.010605079,0,0,0,0,0.515724916,2.085544811,0,0.718398363,0,0,0,0,0,0,0,0.979122577,0,0,0,0,0,0,0,0,0,0,0.096161465,0,0,0.272983417,0,0.145493211,0,0,0,0,1.395681987,1.294014907,0.074053424,0,0.34925532,0,0,0,0.07419484,0,0,0,0.025638377,0,0,0,0,0,0,0,0,0,0,0,0.084867343,0.528569014,0,0,0,0,0.358726617,0.05260579,0.512586452,0,0,0,0,1.881358207,0,0,0.013761592,0,0.38849319,0.276726714,0,0,0,1.135413025,0,0,0,1.03248758,0,0,0.059834717,0,0.242263697,0.287877293,1.236327501,0,0.176801062,0,0.225873997,0,0,0,0,0.196035733,3.851496384,0,14.27187089,0,0,0,0,0,2.425096225,0.512979534,16.0141777,0,0,0.178262592,0,0.170964448,0.786831788,0,13.49991252,0.006286041,0,0.117662936,5.97768439,12.04991641,0.134913638,0,0,0,0.780595761,0,0,0,0,0.357766977,2.765275437,0.183099513,0,2.192792508,0.144985992,1.97019395,0.220966602,0.010324415,4.119300261,0,0,0,0,0.038938109,0,2.400787253,0,0,0,0,1.167922067,1.220671354,0,0.344842705,1.147095036,0,0,3.45647915,0,0,0,0,0,0,0,0,0,0.181503014,0.859873022,0.003225822,0,0,0,0.199813907,1.484377181,0
"LTMP32011",2011,0,0,0,0,4.489750761,0,0,0,0,0.104638789,0,0,0.103644117,0,0,0,0,2.69560663,0.197968063,4.409104067,1.190821972,0.131044707,0,0,0,0,0,0,0,0.055249465,0.047643669,0,0.167423053,0,0.036872029,1.703165799,0,0.61529217,0,0,0,0.014533147,0.177333574,0.78228122,0,0.098254649,0.055544347,0,0,0,0,0,0.027699357,0,0.538901384,0,0,0.082764315,0.412366111,0.258560538,0,0.605112583,0.017189501,0.934001637,0,0,0,0.259982269,0,0,0,0,0,0,0,3.808793115,1.733259183,0.06898864,0,0,2.307682978,1.990088562,0,0.058741796,0,0.02587621,0.046242345,0,0.116439488,0,0,0,0,0.332852231,1.38874513,0.023142541,2.665670581,0.006988095,0,0,0,0.078129295,0,0,1.855395287,0,0,8.416526413,0,0.123454876,0,0,0,0,0,0.042681589,0,0,0.008882951,0.015114058,0.115028452,0,0,0,0,0,0.196744569,0,0,0,0.341790816,0,0,0,0,1.194181127,0,0.042949903,0,0,0,0,0,0,0.649393528,0,0,0,0,0.707279974,2.81985937,0.757012465,0,0,0.203903313,0,0.316902432,0,0,0,0,0,0.553150683,0,0,0,0,1.332042627,0,0,0,0,0.400385155,0,0.215040461,0.657332974,1.245242461,0,0.002436526,0,0,0.071262944,0.272922657,0,0,0,0,0,0,0,0,0,0,0.34499755,0,0,0,0,0,0,0,2.47307302,1.092999289,11.68546279,0,0,1.551872896,0,0.017759231,2.073054648,0.060978159,7.638677294,0.214381635,0.033357919,0,0.11529484,5.312924658,0.413328124,0,0,0,0.354499043,0,0,0,0,0.117137827,0,0,0.69531645,1.823141853,0,3.223881251,0.115414815,0.109387895,2.601352584,0,0,2.378761569,0,0,0,0.649812346,0.114252607,0.131694386,0,0.16042332,0.052439276,0.918813364,0,0,0.192528825,0,0,4.244344367,0,0,0,0,0,0.081584296,0,0,0,0,0.661542672,0.117361401,0,0,0,0,0.764802735,0.072378884
"Resort2015",2015,0,0,0,0,0,0,0,0,0,0.380453354,0,0,0,0,0,0,0,0.289984167,0,0,0,0,0.050840585,0,0,0,0,0,0,0,0,0,0.225281712,0,0,0.41955078,0.166944269,0.523250324,0,0.020667626,0,0.092298387,0.216139955,0,0.004503959,0,0.045602645,0,0,0,0.017798246,0,0.01715463,0,0.040903253,0,0,0,0.14711464,0,0,0.124663164,0.560911441,0,0,0,0,0,0.156289319,0,0,0,0,0,0,0,0,0,0,0,0,0,0,0,0,0.024042429,0,0,0.340302652,0,0,0,0,0.033100983,0.736231951,0,0,0,0,0,0,0.030187388,0.013942477,0,0.168351922,0.237509962,0,0,0,0.304087318,0.041403933,0,0,0.510895271,0,0,0,0,0,0.007557029,0.230221075,0,0.024113698,0,0,0,0.088210622,0.130461418,0,0,0,0,0,0,0,0,0,0.207650579,0,0,0,0.400566521,0,0,0,0,0.222411164,0,0,0,0.146449429,0,0,0,0,0,0,0,0,0,0,0,0,0,0,0,0,1.11159351,0,0,0,0,0,0,0.020513438,0,0,0.065898581,0,0,0,0.171761734,0,0,0,0,0,0.503121672,0,0,0,0,0,0,0,0,0,0,0,0,0,0,0,2.536200758,0,0,0.353483993,0,0.022424192,0.729561749,0,0.119144466,0.368444038,0,0,0,0.012956158,0.460279197,0,0,0,0.074010193,0,0,0.290573547,0.320779457,0,0,0.093998353,0,0.643854611,0,0,0,0,0,0,0.559324038,3.608774242,0,0.101907954,1.344766065,0.229771611,0.275061002,6.954222982,0,0,0,5.457671985,0,0.894757694,0.311719013,0,0,0,0,0,0,0.027416782,0.007068765,1.125403151,0,0,0,0.210568265,3.129678464,0.02120644,0,0,0,0,0.110874669,0.160911197
