"Species","Diet","Habitat","Territorial","Sizeclass"
"abu.sexs","Plankton","Hard","Nonterritorial","Small"
"abu.whit","Plankton","Hard","Nonterritorial","Small"
"aca.aura","TurfDetrit","Hard","Nonterritorial","Large"
"aca.bloc","TurfDetrit","Hard","Nonterritorial","Large"
"aca.duss","TurfDetrit","Hard","Nonterritorial","Large"
"aca.gram","TurfDetrit","Sand","Nonterritorial","Large"
"aca.line","TurfDetrit","Hard","Territorial","Large"
"aca.mata","Plankton","Hard","Nonterritorial","Large"
"aca.nans","TurfDetrit","Hard","Territorial","Medium"
"aca.ncus","TurfDetrit","Hard","Territorial","Medium"
"aca.nigr","TurfDetrit","Rubble","Nonterritorial","Medium"
"aca.nuda","TurfDetrit","Sand","Nonterritorial","Large"
"aca.oliv","TurfDetrit","Hard","Nonterritorial","Large"
"aca.pyro","TurfDetrit","Hard","Nonterritorial","Medium"
"aca.thom","Plankton","Hard","Nonterritorial","Medium"
"aca.trio","TurfDetrit","Hard","Nonterritorial","Medium"
"aca.xant","TurfDetrit","Sand","Nonterritorial","Large"
"acn.poly","Plankton","Hard","Nonterritorial","Small"
"amb.aure","Plankton","Hard","Nonterritorial","Small"
"amb.cura","Plankton","Hard","Nonterritorial","Small"
"amb.leuc","InvMobMic","Hard","Nonterritorial","Small"
"amp.akin","Plankton","Anemones","Territorial","Small"
"amp.clar","Omniv","Anemones","Territorial","Small"
"amp.mela","Omniv","Anemones","Territorial","Small"
"amp.peri","Plankton","Anemones","Territorial","Small"
"ana.caer","InvMobMac","Hard","Nonterritorial","Large"
"ana.geog","Plankton","Hard","Nonterritorial","Medium"
"ana.neog","InvMobMac","Hard","Nonterritorial","Medium"
"bal.viri","InvMobMac","Hard","Territorial","Verylarge"
"blp.undu","Omniv","Hard","Territorial","Medium"
"bod.axil","InvMobMac","Hard","Nonterritorial","Medium"
"bod.meso","InvMobMac","Hard","Nonterritorial","Medium"
"cen.bico","Omniv","Hard","Nonterritorial","Small"
"cen.bisp","TurfDetrit","Hard","Nonterritorial","Small"
"cen.vrol","Omniv","Hard","Nonterritorial","Small"
"cep.argu","Piscivore","Hard","Nonterritorial","Large"
"cep.boen","Piscivore","Hard","Nonterritorial","Medium"
"cep.cyan","Piscivore","Hard","Nonterritorial","Medium"
"cep.micr","Piscivore","Hard","Nonterritorial","Medium"
"cep.urod","Piscivore","Hard","Nonterritorial","Medium"
"cet.bico","TurfDetrit","Hard","Nonterritorial","Verylarge"
"cha.afas","InvSess","Hard","Nonterritorial","Small"
"cha.auri","Omniv","Hard","Nonterritorial","Medium"
"cha.baro","InvSess","Hard","Territorial","Small"
"cha.citr","InvSess","Hard","Nonterritorial","Small"
"cha.ephi","Omniv","Hard","Nonterritorial","Medium"
"cha.klei","InvSess","Hard","Nonterritorial","Small"
"cha.line","Omniv","Hard","Nonterritorial","Medium"
"cha.lunu","InvSess","Hard","Nonterritorial","Medium"
"cha.mela","InvSess","Hard","Nonterritorial","Small"
"cha.mert","Omniv","Hard","Nonterritorial","Small"
"cha.pelw","InvSess","Hard","Nonterritorial","Small"
"cha.pleb","InvSess","Hard","Nonterritorial","Small"
"cha.raff","InvSess","Hard","Nonterritorial","Small"
"cha.rain","InvSess","Hard","Nonterritorial","Small"
"cha.reti","InvSess","Hard","Nonterritorial","Medium"
"cha.spec","InvSess","Hard","Nonterritorial","Medium"
"cha.tlis","InvSess","Hard","Territorial","Medium"
"cha.ttus","InvSess","Hard","Territorial","Small"
"cha.ulie","InvSess","Hard","Nonterritorial","Small"
"cha.unim","InvSess","Hard","Nonterritorial","Medium"
"cha.vaga","Omniv","Hard","Nonterritorial","Medium"
"che.chlo","InvMobMac","Hard","Nonterritorial","Large"
"che.fasc","InvMobMac","Hard","Nonterritorial","Large"
"che.tril","InvMobMac","Hard","Nonterritorial","Large"
"che.undu","InvMobMac","Hard","Nonterritorial","Verylarge"
"chm.rost","InvMobMac","Hard","Nonterritorial","Medium"
"cho.fasc","InvMobMac","Hard","Territorial","Medium"
"cho.grap","Piscivore","Rubble","Nonterritorial","Large"
"cho.mono","InvMobMac","Rubble","Nonterritorial","Medium"
"cho.scho","Piscivore","Sand","Nonterritorial","Verylarge"
"cho.vitt","InvMobMac","Rubble","Nonterritorial","Medium"
"chr.alis","Plankton","Hard","Nonterritorial","Small"
"chr.lepi","Plankton","Hard","Nonterritorial","Small"
"chr.marg","Plankton","Hard","Nonterritorial","Small"
"chr.tern","Plankton","Coral","Nonterritorial","Small"
"chr.viri","Plankton","Coral","Nonterritorial","Small"
"chr.webe","Plankton","Hard","Nonterritorial","Small"
"chr.xant","Plankton","Hard","Nonterritorial","Small"
"chs.blee","TurfDetrit","Hard","Nonterritorial","Large"
"chs.micr","TurfDetrit","Hard","Nonterritorial","Verylarge"
"chs.sord","TurfDetrit","Hard","Nonterritorial","Large"
"chy.cyan","Plankton","Rubble","Territorial","Small"
"chy.flav","Omniv","Rubble","Territorial","Small"
"chy.rex","TurfDetrit","Hard","Territorial","Small"
"chy.roll","Plankton","Rubble","Territorial","Small"
"chy.talb","Plankton","Hard","Territorial","Small"
"cor.auyg","InvMobMac","Rubble","Nonterritorial","Large"
"cor.batu","InvMobMac","Rubble","Nonterritorial","Medium"
"cor.chry","InvMobMac","Hard","Nonterritorial","Small"
"cor.gaim","InvMobMac","Hard","Nonterritorial","Large"
"crd.chry","InvSess","Hard","Nonterritorial","Small"
"cro.alti","Piscivore","Hard","Nonterritorial","Verylarge"
"cte.bino","TurfDetrit","Hard","Nonterritorial","Medium"
"cte.stri","TurfDetrit","Hard","Nonterritorial","Medium"
"das.arua","Plankton","Coral","Nonterritorial","Small"
"das.reti","Plankton","Coral","Nonterritorial","Small"
"das.trim","Omniv","Coral","Nonterritorial","Small"
"dia.pict","InvMobMac","Sand","Nonterritorial","Verylarge"
"dip.bifa","InvMobMac","Hard","Nonterritorial","Medium"
"dis.mela","TurfDetrit","Rubble","Territorial","Small"
"dis.pers","TurfDetrit","Sand","Territorial","Medium"
"dis.pros","TurfDetrit","Sand","Territorial","Medium"
"dis.pseu","TurfDetrit","Coral","Territorial","Medium"
"epb.insi","InvMobMac","Hard","Nonterritorial","Large"
"epi.cyan","Piscivore","Hard","Nonterritorial","Small"
"epi.fasc","Piscivore","Hard","Nonterritorial","Large"
"epi.fusc","Piscivore","Hard","Nonterritorial","Verylarge"
"epi.macr","Piscivore","Hard","Nonterritorial","Large"
"epi.macu","Piscivore","Rubble","Nonterritorial","Large"
"epi.merr","Piscivore","Hard","Nonterritorial","Large"
"epi.ongu","Piscivore","Hard","Nonterritorial","Large"
"epi.poly","Piscivore","Hard","Nonterritorial","Verylarge"
"epi.quoy","Piscivore","Rubble","Nonterritorial","Large"
"gna.aure","InvMobMac","Hard","Nonterritorial","Medium"
"gom.vari","InvMobMic","Hard","Nonterritorial","Medium"
"gym.micr","InvMobMac","Sand","Nonterritorial","Large"
"hal.chlo","InvMobMac","Rubble","Nonterritorial","Medium"
"hal.hort","InvMobMac","Hard","Nonterritorial","Medium"
"hal.marg","InvMobMac","Macroalgae","Nonterritorial","Medium"
"hal.mela","InvMobMic","Hard","Nonterritorial","Small"
"hal.nebu","InvMobMic","Macroalgae","Nonterritorial","Small"
"hal.nigr","InvMobMic","Macroalgae","Nonterritorial","Small"
"hal.pros","InvMobMic","Hard","Nonterritorial","Small"
"hal.trim","InvMobMic","Sand","Nonterritorial","Medium"
"hem.fasc","InvMobMic","Hard","Nonterritorial","Large"
"hem.melt","InvMobMic","Hard","Nonterritorial","Large"
"hen.acum","Plankton","Hard","Nonterritorial","Medium"
"hen.chry","InvSess","Hard","Nonterritorial","Medium"
"hen.mono","InvMobMic","Hard","Nonterritorial","Medium"
"hen.vari","InvSess","Hard","Nonterritorial","Medium"
"hgy.plag","TurfDetrit","Hard","Territorial","Medium"
"hip.long","TurfDetrit","Hard","Nonterritorial","Large"
"hlg.doli","InvMobMac","Hard","Nonterritorial","Large"
"kyp.bigi","Macroalgae","Hard","Nonterritorial","Verylarge"
"kyp.vaig","Macroalgae","Hard","Nonterritorial","Large"
"lab.bico","InvMobMic","Hard","Nonterritorial","Small"
"lab.dimi","InvMobMic","Hard","Nonterritorial","Small"
"lbr.xant","InvSess","Hard","Nonterritorial","Small"
"lby.unil","InvSess","Coral","Nonterritorial","Medium"
"let.atki","Piscivore","Seagrass","Nonterritorial","Large"
"let.hara","Piscivore","Rubble","Nonterritorial","Large"
"let.letj","InvMobMac","Seagrass","Nonterritorial","Large"
"let.nebu","Piscivore","Sand","Nonterritorial","Verylarge"
"let.obso","InvMobMac","Seagrass","Nonterritorial","Large"
"let.oliv","Piscivore","Hard","Nonterritorial","Verylarge"
"let.orna","Piscivore","Seagrass","Nonterritorial","Large"
"let.rubr","Piscivore","Rubble","Nonterritorial","Large"
"lut.arge","Piscivore","Mangroves","Nonterritorial","Verylarge"
"lut.boha","Piscivore","Hard","Nonterritorial","Verylarge"
"lut.carp","Piscivore","Hard","Nonterritorial","Large"
"lut.flma","Piscivore","Mangroves","Nonterritorial","Large"
"lut.fulv","Piscivore","Hard","Nonterritorial","Large"
"lut.gibb","Piscivore","Hard","Nonterritorial","Large"
"lut.kasm","InvMobMac","Hard","Nonterritorial","Large"
"lut.mono","Piscivore","Hard","Nonterritorial","Large"
"lut.quin","InvMobMac","Hard","Nonterritorial","Large"
"lut.russ","InvMobMac","Hard","Nonterritorial","Medium"
"lut.semi","Piscivore","Hard","Nonterritorial","Large"
"lut.vitt","InvMobMac","Hard","Nonterritorial","Large"
"mcr.macu","Plankton","Hard","Nonterritorial","Large"
"mcr.nigr","Plankton","Hard","Nonterritorial","Large"
"mon.gran","InvMobMac","Sand","Nonterritorial","Large"
"mon.hete","InvMobMac","Sand","Nonterritorial","Large"
"mph.choa","InvMobMac","Hard","Nonterritorial","Small"
"mph.negr","InvMobMac","Hard","Nonterritorial","Small"
"mul.flav","InvMobMac","Sand","Nonterritorial","Large"
"nas.annu","Plankton","Hard","Nonterritorial","Verylarge"
"nas.brev","Plankton","Hard","Nonterritorial","Large"
"nas.hexa","Plankton","Hard","Nonterritorial","Verylarge"
"nas.litu","Macroalgae","Hard","Nonterritorial","Medium"
"nas.tong","Macroalgae","Hard","Nonterritorial","Large"
"nas.unic","Macroalgae","Hard","Nonterritorial","Verylarge"
"nas.vlam","Plankton","Hard","Nonterritorial","Large"
"neg.mela","Omniv","Hard","Territorial","Small"
"neg.nigr","TurfDetrit","Hard","Territorial","Small"
"neo.azys","Plankton","Hard","Nonterritorial","Small"
"neo.cyan","Plankton","Hard","Nonterritorial","Small"
"nov.taen","InvMobMac","Rubble","Nonterritorial","Medium"
"oxy.diag","Piscivore","Hard","Nonterritorial","Medium"
"oxy.orie","Piscivore","Hard","Nonterritorial","Medium"
"oxy.unif","Piscivore","Hard","Nonterritorial","Large"
"par.barb","InvMobMac","Sand","Nonterritorial","Large"
"par.bifa","InvMobMac","Hard","Nonterritorial","Large"
"par.cili","InvMobMac","Seagrass","Nonterritorial","Large"
"par.cycl","InvMobMac","Rubble","Nonterritorial","Large"
"par.indi","InvMobMac","Sand","Nonterritorial","Large"
"par.mult","InvMobMac","Hard","Nonterritorial","Medium"
"par.pleu","InvMobMac","Rubble","Nonterritorial","Large"
"pen.aure","InvMobMac","Rubble","Nonterritorial","Medium"
"pen.cani","InvMobMac","Hard","Nonterritorial","Medium"
"pen.emer","InvMobMac","Hard","Nonterritorial","Large"
"pgy.dick","TurfDetrit","Coral","Territorial","Small"
"pgy.lacr","TurfDetrit","Hard","Territorial","Small"
"ple.albo","InvMobMac","Hard","Nonterritorial","Verylarge"
"ple.chae","Piscivore","Hard","Nonterritorial","Verylarge"
"ple.chry","InvMobMac","Hard","Nonterritorial","Large"
"ple.flav","Piscivore","Hard","Nonterritorial","Large"
"ple.line","InvMobMac","Hard","Nonterritorial","Large"
"plx.orbi","Omniv","Hard","Nonterritorial","Medium"
"plx.pinn","Omniv","Hard","Nonterritorial","Large"
"plx.teir","Omniv","Hard","Nonterritorial","Large"
"pms.laev","Piscivore","Hard","Nonterritorial","Verylarge"
"pms.leop","Piscivore","Hard","Nonterritorial","Verylarge"
"pms.macu","Piscivore","Hard","Nonterritorial","Verylarge"
"poc.semi","InvSess","Hard","Nonterritorial","Large"
"poc.sexs","InvSess","Hard","Nonterritorial","Large"
"poc.xant","InvSess","Hard","Nonterritorial","Large"
"pom.adel","TurfDetrit","Hard","Territorial","Small"
"pom.ambo","Omniv","Rubble","Nonterritorial","Small"
"pom.bank","TurfDetrit","Hard","Territorial","Small"
"pom.brac","Omniv","Hard","Nonterritorial","Small"
"pom.chry","TurfDetrit","Hard","Territorial","Small"
"pom.coel","Plankton","Rubble","Nonterritorial","Small"
"pom.gram","TurfDetrit","Coral","Territorial","Small"
"pom.lepi","Plankton","Hard","Nonterritorial","Small"
"pom.molu","Omniv","Coral","Nonterritorial","Small"
"pom.naga","Plankton","Hard","Nonterritorial","Small"
"pom.pavo","Plankton","Rubble","Nonterritorial","Small"
"pom.phil","Plankton","Hard","Nonterritorial","Small"
"pom.vaiu","Omniv","Hard","Nonterritorial","Small"
"pom.ward","TurfDetrit","Hard","Territorial","Small"
"pre.biac","Omniv","Anemones","Nonterritorial","Small"
"psd.molu","InvMobMac","Hard","Nonterritorial","Medium"
"pse.flav","InvMobMac","Sand","Territorial","Large"
"pse.hexa","InvMobMic","Hard","Nonterritorial","Small"
"pyg.diac","InvSess","Hard","Nonterritorial","Medium"
"sca.alti","TurfDetrit","Hard","Nonterritorial","Large"
"sca.cham","TurfDetrit","Hard","Nonterritorial","Large"
"sca.dimi","TurfDetrit","Hard","Nonterritorial","Medium"
"sca.flav","TurfDetrit","Hard","Nonterritorial","Large"
"sca.fors","TurfDetrit","Hard","Nonterritorial","Large"
"sca.fren","TurfDetrit","Hard","Nonterritorial","Large"
"sca.ghob","TurfDetrit","Hard","Nonterritorial","Verylarge"
"sca.glob","TurfDetrit","Hard","Nonterritorial","Medium"
"sca.nigr","TurfDetrit","Hard","Nonterritorial","Large"
"sca.ovic","TurfDetrit","Hard","Nonterritorial","Large"
"sca.psit","TurfDetrit","Hard","Nonterritorial","Medium"
"sca.rivu","TurfDetrit","Hard","Nonterritorial","Large"
"sca.rubr","TurfDetrit","Hard","Nonterritorial","Verylarge"
"sca.schl","TurfDetrit","Hard","Nonterritorial","Large"
"sca.spin","TurfDetrit","Hard","Nonterritorial","Medium"
"sco.bili","InvMobMac","Hard","Nonterritorial","Medium"
"sco.marg","InvMobMac","Sand","Nonterritorial","Medium"
"sco.mono","InvMobMac","Sand","Nonterritorial","Large"
"sig.arge","TurfDetrit","Hard","Nonterritorial","Large"
"sig.cana","Macroalgae","Macroalgae","Nonterritorial","Medium"
"sig.cora","TurfDetrit","Hard","Nonterritorial","Medium"
"sig.doli","TurfDetrit","Hard","Nonterritorial","Medium"
"sig.line","TurfDetrit","Seagrass","Nonterritorial","Large"
"sig.pmus","TurfDetrit","Hard","Nonterritorial","Medium"
"sig.puel","InvSess","Hard","Nonterritorial","Large"
"sig.punc","TurfDetrit","Hard","Nonterritorial","Medium"
"sig.vulp","TurfDetrit","Hard","Nonterritorial","Medium"
"ste.apic","TurfDetrit","Hard","Territorial","Small"
"ste.fasc","TurfDetrit","Hard","Territorial","Small"
"ste.livi","TurfDetrit","Coral","Territorial","Small"
"ste.nigr","TurfDetrit","Coral","Territorial","Small"
"stj.band","InvMobMic","Hard","Nonterritorial","Medium"
"stj.stri","InvMobMic","Macroalgae","Nonterritorial","Small"
"suf.chry","InvMobMac","Hard","Territorial","Medium"
"sym.nema","Piscivore","Hard","Nonterritorial","Verylarge"
"tha.ambl","Plankton","Hard","Nonterritorial","Small"
"tha.hard","InvMobMac","Hard","Nonterritorial","Medium"
"tha.jans","InvMobMac","Hard","Nonterritorial","Medium"
"tha.luna","Piscivore","Hard","Nonterritorial","Medium"
"tha.lute","InvMobMac","Hard","Nonterritorial","Medium"
"var.albi","Piscivore","Hard","Nonterritorial","Large"
"var.lout","Piscivore","Hard","Nonterritorial","Large"
"wet.albi","Piscivore","Hard","Nonterritorial","Small"
"zan.corn","Omniv","Hard","Nonterritorial","Medium"
"zeb.scop","TurfDetrit","Hard","Nonterritorial","Medium"
"zeb.veli","TurfDetrit","Hard","Nonterritorial","Large"
